"tubarial glands","pair of salivary glands behind the nasal cavity",//www.wikidata.org/wiki/Q100736620,unknown
"Rhodocollybia butyracea","species of fungus",//www.wikidata.org/wiki/Q1018043,"edible mushroom"
"Panellus stipticus","species of fungus",//www.wikidata.org/wiki/Q1029124,"inedible mushroom"
"Omphalotus olearius","species of fungus",//www.wikidata.org/wiki/Q1043730,"poisonous mushroom"
"Chlorophyllum olivieri","species of fungus",//www.wikidata.org/wiki/Q10450696,"edible mushroom"
"Limacella guttata","species of fungus",//www.wikidata.org/wiki/Q10476906,"edible mushroom"
"Psathyrella spadiceogrisea","species of fungus",//www.wikidata.org/wiki/Q10509887,"edible mushroom"
"Melanoleuca cognata","species of fungus",//www.wikidata.org/wiki/Q10511324,"edible mushroom"
"Cortinarius stillatitius","species of fungus",//www.wikidata.org/wiki/Q10525951,"edible mushroom"
"Panaeolus cinctulus","species of fungus",//www.wikidata.org/wiki/Q10543371,"psychoactive mushroom"
"Lepista panaeolus","species of fungus",//www.wikidata.org/wiki/Q10557722,"edible mushroom"
"Amanita gemmata","species of fungus",//www.wikidata.org/wiki/Q1063083,"poisonous mushroom"
"Scutiger pes-caprae","species of fungus",//www.wikidata.org/wiki/Q10664731,"edible mushroom"
"Entoloma sepium","species of fungus",//www.wikidata.org/wiki/Q10671846,"edible mushroom"
"Agaricus altipes","species of fungus",//www.wikidata.org/wiki/Q10673564,"edible mushroom"
"Psathyrella spadicea","species of fungus",//www.wikidata.org/wiki/Q10706720,"edible mushroom"
"Hydnum albidum","species of fungus",//www.wikidata.org/wiki/Q10716245,"edible mushroom"
"Coprinellus disseminatus","species of fungus",//www.wikidata.org/wiki/Q1071819,"edible mushroom"
"Lycoperdon echinatum","species of fungus",//www.wikidata.org/wiki/Q1093294,"edible mushroom"
"Strobilurus esculentus","species of fungus",//www.wikidata.org/wiki/Q1094895,"edible mushroom"
"Agaricus silvaticus","species of fungus",//www.wikidata.org/wiki/Q1097213,"edible mushroom"
"Cortinarius infractus","species of fungus",//www.wikidata.org/wiki/Q11023677,"inedible mushroom"
"Hygrophorus eburneus","species of fungus",//www.wikidata.org/wiki/Q1112614,"edible mushroom"
"Morchella esculenta","species of fungus",//www.wikidata.org/wiki/Q1129282,"edible when cooked mushroom"
"Suillus granulatus","species of fungus",//www.wikidata.org/wiki/Q1142857,"edible mushroom"
Pluteus,"genus of fungi",//www.wikidata.org/wiki/Q1156750,"edible mushroom"
"Grifola frondosa","species of fungus",//www.wikidata.org/wiki/Q1165686,"choice mushroom"
"Suillus bovinus","species of fungus",//www.wikidata.org/wiki/Q1165762,"edible mushroom"
"Gyroporus castaneus","species of fungus",//www.wikidata.org/wiki/Q1165913,"edible mushroom"
"Mycena epipterygia","species of fungus",//www.wikidata.org/wiki/Q1183020,"inedible mushroom"
"Porphyrellus porphyrosporus","species of fungus",//www.wikidata.org/wiki/Q1187583,"inedible mushroom"
"Gyrodon lividus","species of fungus",//www.wikidata.org/wiki/Q1194792,"edible mushroom"
"Scleroderma citrinum","species of fungus",//www.wikidata.org/wiki/Q1210127,"poisonous mushroom"
tuberculosis,"infectious disease caused by the bacterium Mycobacterium tuberculosis",//www.wikidata.org/wiki/Q12204,unknown
"Cantharellus cinereus","species of fungus",//www.wikidata.org/wiki/Q12236668,"edible mushroom"
"Stropharia rugosoannulata","species of fungus",//www.wikidata.org/wiki/Q1236980,"choice mushroom"
"Ramaria formosa","species of fungus",//www.wikidata.org/wiki/Q1257786,"poisonous mushroom"
"Pleurotus pulmonarius","species of fungus",//www.wikidata.org/wiki/Q1261868,"choice mushroom"
"Hygrophoropsis aurantiaca","species of fungus",//www.wikidata.org/wiki/Q1265541,"inedible mushroom"
"Russula aurea","species of fungus",//www.wikidata.org/wiki/Q1276522,"edible mushroom"
"Amanita ovoidea","species of fungus",//www.wikidata.org/wiki/Q1281074,"edible mushroom"
"Gyromitra ancilis","synonym of fungus",//www.wikidata.org/wiki/Q12951523,"caution mushroom"
"Gomphidius maculatus","species of fungus",//www.wikidata.org/wiki/Q129556,"edible mushroom"
"Tricholoma apium","species of fungus",//www.wikidata.org/wiki/Q12955614,"edible mushroom"
"Daedalea quercina","species of fungus",//www.wikidata.org/wiki/Q1301490,"inedible mushroom"
"Agaricus bernardii","agaric fungus in the family Agaricaceae",//www.wikidata.org/wiki/Q1304935,"edible mushroom"
"Amanita muscaria","species of fungus",//www.wikidata.org/wiki/Q131227,"psychoactive mushroom"
"Pisolithus arhizus","species of fungus",//www.wikidata.org/wiki/Q1315936,"edible mushroom"
"Hericium coralloides","species of fungus",//www.wikidata.org/wiki/Q1318085,"edible mushroom"
"Russula aeruginea","species of fungus",//www.wikidata.org/wiki/Q1323740,"edible when cooked mushroom"
"Amanita spissa","variation of fungus",//www.wikidata.org/wiki/Q1323749,"edible when cooked mushroom"
"Lactarius rufus","species of fungus",//www.wikidata.org/wiki/Q1323764,"edible mushroom"
"Hemileccinum impolitum","species of fungus",//www.wikidata.org/wiki/Q1323787,"edible mushroom"
"Lactarius piperatus","species of fungus",//www.wikidata.org/wiki/Q1323824,"edible mushroom"
"Helvella elastica","species of fungus",//www.wikidata.org/wiki/Q1324963,"caution mushroom"
"Morchella conica","species of fungus",//www.wikidata.org/wiki/Q1327882,"edible when cooked mushroom"
"Suillus placidus","species of fungus",//www.wikidata.org/wiki/Q1328472,"edible mushroom"
"Entoloma clypeatum","species of fungus",//www.wikidata.org/wiki/Q1328691,"edible mushroom"
"Inocybe geophylla","species of fungus",//www.wikidata.org/wiki/Q1333853,"deadly mushroom"
"Rhodocybe gemina","species of fungus",//www.wikidata.org/wiki/Q1345714,"edible mushroom"
"Suillus variegatus","species of fungus",//www.wikidata.org/wiki/Q1347128,"edible mushroom"
"Agaricus xanthodermus","species of fungus",//www.wikidata.org/wiki/Q1349044,"poisonous mushroom"
"Lactarius vellereus","species of fungus",//www.wikidata.org/wiki/Q1349054,"inedible mushroom"
"Laccaria amethystea","species of fungus",//www.wikidata.org/wiki/Q1349076,"edible mushroom"
"Hygrophorus hypothejus","species of fungus",//www.wikidata.org/wiki/Q1364735,"edible mushroom"
"Cortinarius orellanus","species of fungus",//www.wikidata.org/wiki/Q1367003,"poisonous mushroom"
"wood hedgehog","species of fungus",//www.wikidata.org/wiki/Q13684,"choice mushroom"
"Panaeolina foenisecii","species of fungus",//www.wikidata.org/wiki/Q1369546,"inedible mushroom"
"Lactarius helvus","species of fungus",//www.wikidata.org/wiki/Q1377524,"poisonous mushroom"
"Clavulina cristata","species of fungus",//www.wikidata.org/wiki/Q138027,"edible when cooked mushroom"
"Lyophyllum decastes","species of fungus",//www.wikidata.org/wiki/Q138112,"edible mushroom"
"Lactarius pallidus","species of fungus",//www.wikidata.org/wiki/Q1393910,"edible mushroom"
"Leucocoprinus birnbaumii","species of fungus",//www.wikidata.org/wiki/Q1393937,"poisonous mushroom"
"Russula veternosa","species of fungus",//www.wikidata.org/wiki/Q1399229,"inedible mushroom"
"Clitocybe dealbata","species of fungus",//www.wikidata.org/wiki/Q1402263,"poisonous mushroom"
"Pholiota flammans","species of fungus",//www.wikidata.org/wiki/Q1409447,"inedible mushroom"
"Boletus pinophilus","species of fungus",//www.wikidata.org/wiki/Q1415435,"edible mushroom"
"Tapinella atrotomentosa","species of fungus",//www.wikidata.org/wiki/Q1415446,"inedible mushroom"
"Russula heterophylla","species of fungus",//www.wikidata.org/wiki/Q1415480,"edible mushroom"
"Verpa conica","species of fungus",//www.wikidata.org/wiki/Q1417061,"edible mushroom"
"Agaricus bitorquis","species of fungus",//www.wikidata.org/wiki/Q1423834,"choice mushroom"
"Entoloma sinuatum","species of fungus",//www.wikidata.org/wiki/Q1424216,"poisonous mushroom"
"Lactarius tabidus","species of fungus",//www.wikidata.org/wiki/Q1427410,"inedible mushroom"
"corn smut","species of edible fungus",//www.wikidata.org/wiki/Q1430040,"edible mushroom"
"Russula violeipes","species of fungus",//www.wikidata.org/wiki/Q1434635,"edible mushroom"
"Hygrocybe conica","species of fungus",//www.wikidata.org/wiki/Q1434668,"inedible mushroom"
"Panaeolus sphinctrinus","species of fungus",//www.wikidata.org/wiki/Q14426282,"psychoactive mushroom"
"Amanita strobiliformis","species of fungus",//www.wikidata.org/wiki/Q1445543,"edible mushroom"
"Russula claroflava","species of fungus",//www.wikidata.org/wiki/Q1462183,"edible mushroom"
"Gyroporus cyanescens","species of fungus",//www.wikidata.org/wiki/Q1462231,"edible mushroom"
"Helvella lacunosa","species of fungus",//www.wikidata.org/wiki/Q1462244,"edible mushroom"
"Verpa bohemica","species of fungus",//www.wikidata.org/wiki/Q1463716,"edible mushroom"
"Chlorophyllum molybdites","species of fungus",//www.wikidata.org/wiki/Q146693,"poisonous mushroom"
"Mycena galericulata","species of fungus",//www.wikidata.org/wiki/Q1467364,"inedible mushroom"
"Agrocybe praecox","species of fungus",//www.wikidata.org/wiki/Q1471958,"edible mushroom"
"Tricholoma saponaceum","species of fungus",//www.wikidata.org/wiki/Q1473080,"inedible mushroom"
"Psilocybe mexicana","species of fungus",//www.wikidata.org/wiki/Q1477279,"psychoactive mushroom"
"Craterellus lutescens","species of fungus",//www.wikidata.org/wiki/Q1478429,"choice mushroom"
"Infundibulicybe geotropa","species of fungus",//www.wikidata.org/wiki/Q1478465,"edible mushroom"
"Gomphus clavatus","species of fungus",//www.wikidata.org/wiki/Q1478471,"edible mushroom"
"Ramaria aurea","coral mushroom species",//www.wikidata.org/wiki/Q1479710,"edible when cooked mushroom"
"Lactarius trivialis","species of fungus",//www.wikidata.org/wiki/Q1486219,"edible mushroom"
"Chroogomphus rutilus","species of fungus",//www.wikidata.org/wiki/Q1491620,"edible mushroom"
"Mutinus caninus","species of fungus",//www.wikidata.org/wiki/Q1500672,"inedible mushroom"
"Mycena pura","species of fungus",//www.wikidata.org/wiki/Q1500783,"poisonous mushroom"
"Neolentinus lepideus","species of fungus",//www.wikidata.org/wiki/Q1513545,"edible mushroom"
"Helvella crispa","species of fungus",//www.wikidata.org/wiki/Q1516648,"edible mushroom"
"Russula fragilis","species of fungus",//www.wikidata.org/wiki/Q1516668,"inedible mushroom"
"Mycena haematopus","species of fungus",//www.wikidata.org/wiki/Q1516674,"inedible mushroom"
"Cyathus striatus","species of fungus",//www.wikidata.org/wiki/Q1519672,"inedible mushroom"
"Lactarius chrysorrheus","species of fungus",//www.wikidata.org/wiki/Q1530713,"poisonous mushroom"
"Hypholoma capnoides","species of fungus",//www.wikidata.org/wiki/Q1543695,"edible mushroom"
"Suillus viscidus","species of fungus",//www.wikidata.org/wiki/Q1543795,"edible mushroom"
"Lactarius vietus","species of fungus",//www.wikidata.org/wiki/Q1543827,"inedible mushroom"
"Lactarius blennius","species of fungus",//www.wikidata.org/wiki/Q1543833,"inedible mushroom"
"Lactarius scrobiculatus","species of fungus",//www.wikidata.org/wiki/Q1546452,"inedible mushroom"
"Hygrophorus latitabundus","species of fungus",//www.wikidata.org/wiki/Q1548745,"edible mushroom"
"Volvariella gloiocephala","species of mushroom",//www.wikidata.org/wiki/Q1548970,"edible mushroom"
"Xerula radicata","species of fungus",//www.wikidata.org/wiki/Q1550286,"edible mushroom"
"Stropharia aeruginosa","species of fungus",//www.wikidata.org/wiki/Q1552361,"poisonous mushroom"
"Disciotis venosa","species of fungus",//www.wikidata.org/wiki/Q1553596,"edible when cooked mushroom"
"Lactarius volemus","species of fungus",//www.wikidata.org/wiki/Q155929,"choice mushroom"
"Russula decipiens","species of fungus",//www.wikidata.org/wiki/Q1559725,"edible mushroom"
"Leratiomyces ceres","species of mushroom",//www.wikidata.org/wiki/Q15651408,"poisonous mushroom"
"Ramaria botrytis","species of fungus",//www.wikidata.org/wiki/Q1568901,"edible mushroom"
"Humaria hemisphaerica","species of fungus",//www.wikidata.org/wiki/Q1570399,"inedible mushroom"
"Marasmius rotula","species of fungus",//www.wikidata.org/wiki/Q1572207,"inedible mushroom"
"Geastrum triplex","species of fungus",//www.wikidata.org/wiki/Q1572277,"inedible mushroom"
"Amanita crocea","species of fungus",//www.wikidata.org/wiki/Q1574920,"edible when cooked mushroom"
"Pholiota squarrosa","species of fungus",//www.wikidata.org/wiki/Q1574926,"poisonous mushroom"
"Lactarius controversus","species of fungus",//www.wikidata.org/wiki/Q1575309,"inedible mushroom"
"Leccinum leucopodium","species of fungus",//www.wikidata.org/wiki/Q157946,"edible mushroom"
"Russula risigallina","species of fungus",//www.wikidata.org/wiki/Q1586855,"edible mushroom"
"Cortinarius mucosus","species of fungus",//www.wikidata.org/wiki/Q1593907,"inedible mushroom"
"Scleroderma cepa","species of fungus",//www.wikidata.org/wiki/Q1611092,"poisonous mushroom"
"Agaricus moelleri","species of fungus",//www.wikidata.org/wiki/Q1614842,"poisonous mushroom"
"Lycoperdon nigrescens","species of fungus",//www.wikidata.org/wiki/Q1614935,"edible mushroom"
"Agaricus impudicus","species of fungus",//www.wikidata.org/wiki/Q1615526,"edible mushroom"
"Lycoperdon mammiforme","species of fungus",//www.wikidata.org/wiki/Q1615662,"inedible mushroom"
"Suillus cavipes","species of fungus",//www.wikidata.org/wiki/Q1624061,"edible mushroom"
"Coprinopsis lagopus","species of fungus",//www.wikidata.org/wiki/Q162599,"inedible mushroom"
"Conocybe apala","species of fungus",//www.wikidata.org/wiki/Q1632206,"inedible mushroom"
"Mycena metata","species of fungus",//www.wikidata.org/wiki/Q1641480,"inedible mushroom"
"Clitocybe acromelalga","species of fungus",//www.wikidata.org/wiki/Q164329,"poisonous mushroom"
"Volvariella bombycina","species of edible mushroom in the family Pluteaceae",//www.wikidata.org/wiki/Q1654979,"edible mushroom"
"Suillus tridentinus","species of fungus",//www.wikidata.org/wiki/Q1659886,"edible mushroom"
"Hygrophorus poetarum","species of fungus",//www.wikidata.org/wiki/Q1673663,"edible mushroom"
"Amanita eliae","species of fungus",//www.wikidata.org/wiki/Q1673664,"inedible mushroom"
"Cortinarius violaceus","species of fungus",//www.wikidata.org/wiki/Q167887,"edible mushroom"
"Russula turci","species of fungus",//www.wikidata.org/wiki/Q1691292,"edible mushroom"
"Butyriboletus fechtneri","species of fungus",//www.wikidata.org/wiki/Q17153038,"edible mushroom"
"Lactarius subdulcis","species of fungus",//www.wikidata.org/wiki/Q1724711,"edible mushroom"
"Lactarius uvidus","species of fungus",//www.wikidata.org/wiki/Q1746115,"inedible mushroom"
"Hygrophorus nemoreus","species of fungus",//www.wikidata.org/wiki/Q1749162,"edible mushroom"
"Calocera cornea","species of fungus",//www.wikidata.org/wiki/Q175548,"inedible mushroom"
"Nepe plástico","species of fungus",//www.wikidata.org/wiki/Q1757951,"inedible mushroom"
"Hygrocybe psittacina","edible mushroom found across Northern Europe",//www.wikidata.org/wiki/Q177209,"edible mushroom"
"Russula atropurpurea","species of fungus",//www.wikidata.org/wiki/Q1784190,"edible mushroom"
"Amanita ceciliae","species of fungus",//www.wikidata.org/wiki/Q1784198,"edible when cooked mushroom"
"Lactarius pyrogalus","species of fungus",//www.wikidata.org/wiki/Q1784373,"inedible mushroom"
"Morchella semilibera","species of fungus",//www.wikidata.org/wiki/Q1795398,"edible mushroom"
"Hebeloma crustuliniforme","species of fungus",//www.wikidata.org/wiki/Q180150,"poisonous mushroom"
"Cortinarius elatior","species of fungus",//www.wikidata.org/wiki/Q1805407,"edible mushroom"
"Mycena galopus","species of fungus",//www.wikidata.org/wiki/Q1806243,"inedible mushroom"
"Panus conchatus","species of fungus",//www.wikidata.org/wiki/Q1807172,"inedible mushroom"
"Boletus pseudoregius","species of fungus",//www.wikidata.org/wiki/Q18086227,"edible mushroom"
"Gymnopilus junonius","species of fungus",//www.wikidata.org/wiki/Q1830008,"psychoactive mushroom"
tuber,"plant's underground storage organ formed by the swelling of an underground stem which produces buds and stores photosynthate metabolites/nutrients, forming a seasonal perennating organ, e.g. a potato",//www.wikidata.org/wiki/Q183319,unknown
"Hygrophorus olivaceoalbus","species of fungus",//www.wikidata.org/wiki/Q1855552,"edible mushroom"
"Suillus collinitus","species of fungus",//www.wikidata.org/wiki/Q1855565,"edible mushroom"
"Pleurotus ostreatus","species of fungus",//www.wikidata.org/wiki/Q186451,"choice mushroom"
"Amanita phalloides","species of fungus",//www.wikidata.org/wiki/Q188643,"deadly mushroom"
"Cantharellus cibarius","species of fungus",//www.wikidata.org/wiki/Q188749,"choice mushroom"
"Hygrophorus agathosmus","species of fungus",//www.wikidata.org/wiki/Q1897213,"edible mushroom"
"Tricholoma orirubens","species of fungus",//www.wikidata.org/wiki/Q1897226,"edible mushroom"
"Fomitopsis pinicola","species of fungus",//www.wikidata.org/wiki/Q1928270,"inedible mushroom"
"Gomphidius roseus","species of fungus",//www.wikidata.org/wiki/Q1931554,"edible mushroom"
"Lactarius aurantiacus","species of fungus",//www.wikidata.org/wiki/Q1934567,"edible mushroom"
"Xerocomellus zelleri","species of fungus",//www.wikidata.org/wiki/Q1943850,"edible mushroom"
"Conocybe cyanopus","species of fungus",//www.wikidata.org/wiki/Q1955777,"psychoactive mushroom"
"Tremella mesenterica","jelly fungus",//www.wikidata.org/wiki/Q19733,"edible mushroom"
"Hericium erinaceus","edible mushroom",//www.wikidata.org/wiki/Q19737,"choice mushroom"
"Boletus edulis","species of fungus",//www.wikidata.org/wiki/Q19740,"choice mushroom"
"Hypholoma sublateritium","species of fungus",//www.wikidata.org/wiki/Q198709,"caution mushroom"
"Inocybe erubescens","species of fungus",//www.wikidata.org/wiki/Q198722,"deadly mushroom"
"Xerocomus subtomentosus","species of fungus",//www.wikidata.org/wiki/Q198817,"edible mushroom"
"Leccinum albostipitatum","species of fungus",//www.wikidata.org/wiki/Q20078216,"edible mushroom"
"Amanita lividopallescens","species of fungus",//www.wikidata.org/wiki/Q2013734,"edible mushroom"
"Russula decolorans","species of fungus",//www.wikidata.org/wiki/Q2028199,"edible mushroom"
"Meripilus giganteus","species of fungus",//www.wikidata.org/wiki/Q2030825,"edible mushroom"
"Suillus plorans","species of fungus",//www.wikidata.org/wiki/Q205568,"edible mushroom"
"Russula ochroleuca","species of fungus",//www.wikidata.org/wiki/Q206438,"edible mushroom"
"Russula sardonia","species of fungus",//www.wikidata.org/wiki/Q206449,"inedible mushroom"
"Pleurotus citrinopileatus","species of fungus",//www.wikidata.org/wiki/Q206502,"choice mushroom"
"Pseudohydnum gelatinosum","species of fungus",//www.wikidata.org/wiki/Q206711,"edible mushroom"
"Macrolepiota mastoidea","species of fungus",//www.wikidata.org/wiki/Q206727,"edible mushroom"
"wolf bolete","species of fungus",//www.wikidata.org/wiki/Q20721676,"inedible mushroom"
"Sarcoscypha occidentalis","species of fungus",//www.wikidata.org/wiki/Q2086507,"inedible mushroom"
"Hortiboletus rubellus","species of fungus",//www.wikidata.org/wiki/Q2089834,"edible mushroom"
Craterellus,"genus of fungi",//www.wikidata.org/wiki/Q2097845,"choice mushroom"
"Claviceps purpurea","species of fungus",//www.wikidata.org/wiki/Q217227,"psychoactive mushroom"
"Mycena inclinata","species of fungus",//www.wikidata.org/wiki/Q2181869,"inedible mushroom"
"Amanita caesarea","species of fungus",//www.wikidata.org/wiki/Q220662,"choice mushroom"
"Calvatia gigantea","species of fungus",//www.wikidata.org/wiki/Q222449,"edible mushroom"
"Agaricus urinascens","species of fungus",//www.wikidata.org/wiki/Q2249479,"edible mushroom"
"Lactarius repraesentaneus","species of fungus",//www.wikidata.org/wiki/Q226970,"poisonous mushroom"
"Agaricus bisporus","species of fungus",//www.wikidata.org/wiki/Q227690,"choice mushroom"
"Entocybe nitida","species of fungus",//www.wikidata.org/wiki/Q23034863,"poisonous mushroom"
"Agaricus campestris","species of fungus",//www.wikidata.org/wiki/Q234529,"choice mushroom"
"Leccinum duriusculum","species of fungus",//www.wikidata.org/wiki/Q2360294,"edible mushroom"
"Lactarius turpis","species of fungus",//www.wikidata.org/wiki/Q23637,"inedible mushroom"
"Panaeolus cyanescens","species of fungus",//www.wikidata.org/wiki/Q2406982,"psychoactive mushroom"
"Russula olivacea","species of fungus",//www.wikidata.org/wiki/Q241024,"edible when cooked mushroom"
"Entoloma rhodopolium","poisonous mushroom found in Europe and Asia",//www.wikidata.org/wiki/Q2422232,"poisonous mushroom"
"Clavaria fragilis","species of fungus",//www.wikidata.org/wiki/Q2424229,"edible mushroom"
"Macrolepiota procera","species of fungus",//www.wikidata.org/wiki/Q243381,"edible when cooked mushroom"
"Armillaria tabescens","species of fungus",//www.wikidata.org/wiki/Q2449977,"edible when cooked mushroom"
"Leucopaxillus giganteus","species of fungus",//www.wikidata.org/wiki/Q2454893,"edible mushroom"
"Russula cyanoxantha","species of fungus",//www.wikidata.org/wiki/Q246696,"edible mushroom"
"Cortinarius semisanguineus","species of fungus",//www.wikidata.org/wiki/Q2475465,"poisonous mushroom"
"Hydnum rufescens","species of fungus",//www.wikidata.org/wiki/Q2475470,"edible when cooked mushroom"
"Geastrum fimbriatum","species of fungus",//www.wikidata.org/wiki/Q2484512,"inedible mushroom"
"Panaeolus papilionaceus","species of fungus",//www.wikidata.org/wiki/Q2484523,"edible mushroom"
"Galerina marginata","species of fungus",//www.wikidata.org/wiki/Q248829,"deadly mushroom"
"Phylloporus pelletieri","species of fungus",//www.wikidata.org/wiki/Q249595,"edible mushroom"
"Xerocomellus porosporus","species of fungus",//www.wikidata.org/wiki/Q2501490,"edible mushroom"
"Cortinarius triumphans","species of fungus",//www.wikidata.org/wiki/Q2511449,"edible mushroom"
"Cortinarius delibutus","species of fungus",//www.wikidata.org/wiki/Q2511465,"inedible mushroom"
"Artomyces pyxidatus","species of fungus",//www.wikidata.org/wiki/Q2511507,"edible mushroom"
"Sarcoscypha austriaca","species of fungus",//www.wikidata.org/wiki/Q2519734,"edible mushroom"
"Leccinellum crocipodium","species of fungus",//www.wikidata.org/wiki/Q2523867,"edible mushroom"
"Cantharellus amethysteus","species of fungus",//www.wikidata.org/wiki/Q2527495,"edible mushroom"
"Lepista personata","species of Agaricomycetes",//www.wikidata.org/wiki/Q25379773,"edible mushroom"
"Xerocomellus chrysenteron","species of fungus",//www.wikidata.org/wiki/Q254161,"edible mushroom"
"Psathyrella piluliformis","species of fungus",//www.wikidata.org/wiki/Q2546601,"edible mushroom"
"Macrolepiota excoriata","species of fungus",//www.wikidata.org/wiki/Q2567074,"edible mushroom"
"Calocera viscosa","species of jelly fungus",//www.wikidata.org/wiki/Q256970,"inedible mushroom"
"Pseudoclitocybe cyathiformis","species of fungus",//www.wikidata.org/wiki/Q2591272,"edible mushroom"
"Amanita porphyria","species of fungus",//www.wikidata.org/wiki/Q259135,"poisonous mushroom"
"Agaricus langei","species of fungus",//www.wikidata.org/wiki/Q2605342,"edible mushroom"
"Tricholoma portentosum","species of fungus",//www.wikidata.org/wiki/Q261047,"edible mushroom"
"Cortinarius gentilis","species of fungus",//www.wikidata.org/wiki/Q2614222,"deadly mushroom"
"Boletus reticulatus","species of fungus",//www.wikidata.org/wiki/Q26203726,"edible mushroom"
"devil's bolete","species of fungus",//www.wikidata.org/wiki/Q26203731,"poisonous mushroom"
"Butyriboletus appendiculatus","species of fungus",//www.wikidata.org/wiki/Q26203735,"edible mushroom"
"Suillellus queletii","species of fungus",//www.wikidata.org/wiki/Q26203737,"edible when cooked mushroom"
"Sarcodon imbricatus","species of fungus",//www.wikidata.org/wiki/Q262105,"edible mushroom"
"Gyromitra gigas","species of fungus",//www.wikidata.org/wiki/Q2627281,"choice mushroom"
"Tricholoma columbetta","species of fungus",//www.wikidata.org/wiki/Q2640522,"edible mushroom"
"Auriscalpium vulgare","species of fungus",//www.wikidata.org/wiki/Q2640544,"inedible mushroom"
"Cystoderma carcharias","species of fungus",//www.wikidata.org/wiki/Q2640662,"inedible mushroom"
"Rhodocollybia maculata","species of fungus",//www.wikidata.org/wiki/Q2645787,"inedible mushroom"
"Rubroboletus legaliae","species of fungus",//www.wikidata.org/wiki/Q2656745,"poisonous mushroom"
"Mycena acicula","Species of fungus in the family Mycenaceae",//www.wikidata.org/wiki/Q2670211,"inedible mushroom"
"Agaricus augustus","species of fungus",//www.wikidata.org/wiki/Q267538,"edible mushroom"
"Bovista nigrescens","species of fungus",//www.wikidata.org/wiki/Q2679918,"edible mushroom"
"Stereum ostrea","species of fungus",//www.wikidata.org/wiki/Q2710042,"inedible mushroom"
"Ganoderma lucidum","species of fungus",//www.wikidata.org/wiki/Q271098,"edible mushroom"
"Amanita echinocephala","species of fungus",//www.wikidata.org/wiki/Q2713909,"caution mushroom"
"Lentinellus cochleatus","species of fungus",//www.wikidata.org/wiki/Q2714698,"edible mushroom"
"Geastrum quadrifidum","species of fungus",//www.wikidata.org/wiki/Q2720070,"inedible mushroom"
"Clitocybe rivulosa","species of fungus",//www.wikidata.org/wiki/Q2720076,"deadly mushroom"
"Mycena polygramma","species of fungus",//www.wikidata.org/wiki/Q2725438,"inedible mushroom"
"Tricholoma terreum","species of fungus",//www.wikidata.org/wiki/Q27266,"edible mushroom"
"Coprinus comatus","species of fungus",//www.wikidata.org/wiki/Q275125,"choice mushroom"
Polyporus,"Crude drug",//www.wikidata.org/wiki/Q27650332,unknown
"lichen disease","Human disease",//www.wikidata.org/wiki/Q28026070,unknown
"Laccaria amethystina","species of Agaricomycetes",//www.wikidata.org/wiki/Q28492278,"edible mushroom"
"Candy cap","species of fungus",//www.wikidata.org/wiki/Q28951,"choice mushroom"
"Lepista nuda","edible mushroom",//www.wikidata.org/wiki/Q29362,"edible mushroom"
"Caloboletus calopus","species of fungi",//www.wikidata.org/wiki/Q29784429,"inedible mushroom"
"Pluteus salicinus","species of fungus",//www.wikidata.org/wiki/Q2980417,"psychoactive mushroom"
"Inocybe lacera","species of fungus",//www.wikidata.org/wiki/Q2992882,"poisonous mushroom"
"Cortinarius purpurascens","species of fungus",//www.wikidata.org/wiki/Q2998122,"edible mushroom"
"Amanita fulva","species of fungus",//www.wikidata.org/wiki/Q301792,"edible when cooked mushroom"
"Inocybe haemacta","species of fungus",//www.wikidata.org/wiki/Q3018608,"psychoactive mushroom"
"Russula xerampelina","species of fungus",//www.wikidata.org/wiki/Q302097,"choice mushroom"
"Laccaria proxima","species of fungus",//www.wikidata.org/wiki/Q3027934,"edible mushroom"
"Tricholoma equestre","species of fungus",//www.wikidata.org/wiki/Q312756,"caution mushroom"
"Auricularia auricula-judae","species of fungus",//www.wikidata.org/wiki/Q321342,"edible mushroom"
"Lepista sordida","species of fungus",//www.wikidata.org/wiki/Q3229951,"edible mushroom"
"Panaeolus subbalteatus","species of fungus",//www.wikidata.org/wiki/Q3271137,"psychoactive mushroom"
"Mycena adonis","species of fungus",//www.wikidata.org/wiki/Q3279263,"inedible mushroom"
"Helvella acetabulum","species of fungus",//www.wikidata.org/wiki/Q3388167,"caution mushroom"
"Calocybe carnea","species of fungus",//www.wikidata.org/wiki/Q3490762,"edible mushroom"
"Gyromitra infula","species of fungus",//www.wikidata.org/wiki/Q3495445,"edible mushroom"
"Geastrum pectinatum","species of fungus",//www.wikidata.org/wiki/Q3506223,"inedible mushroom"
"Tricholoma album","species of fungus",//www.wikidata.org/wiki/Q3506233,"inedible mushroom"
"Russula mustelina","species of fungus",//www.wikidata.org/wiki/Q352153,"edible mushroom"
"Amanita flavescens","species of fungus",//www.wikidata.org/wiki/Q3613604,"edible when cooked mushroom"
"Sparassis crispa","species of fungus",//www.wikidata.org/wiki/Q36992,"choice mushroom"
Phaeolepiota,"genus of fungi",//www.wikidata.org/wiki/Q370221,"caution mushroom"
Morchella,"genus of fungi",//www.wikidata.org/wiki/Q371101,"edible mushroom"
enoki,"species of fungus",//www.wikidata.org/wiki/Q372893,"choice mushroom"
"Laccaria bicolor","species of fungus",//www.wikidata.org/wiki/Q373625,"edible mushroom"
"Hygrophorus penarius","species of fungus",//www.wikidata.org/wiki/Q3787843,"edible mushroom"
"Clitocybe fragrans","species of fungus",//www.wikidata.org/wiki/Q3817466,"poisonous mushroom"
"Leccinellum lepidum","species of fungus",//www.wikidata.org/wiki/Q3829324,"edible mushroom"
"hazel bolete","species of fungus",//www.wikidata.org/wiki/Q3829329,"edible mushroom"
"Agaricus silvicola","species of fungus",//www.wikidata.org/wiki/Q384480,"edible mushroom"
"Mycena aetites","species of fungus",//www.wikidata.org/wiki/Q3912823,"inedible mushroom"
"Helvella corium","species of fungus",//www.wikidata.org/wiki/Q3913782,"inedible mushroom"
"Spathularia flavida","species of fungus",//www.wikidata.org/wiki/Q3914274,"inedible mushroom"
"Mycena flavoalba","species of fungus",//www.wikidata.org/wiki/Q3914302,"inedible mushroom"
"Lepiota ignivolvata","species of fungus",//www.wikidata.org/wiki/Q3914308,"inedible mushroom"
"Inocybe godeyi","species of fungus",//www.wikidata.org/wiki/Q3914313,"poisonous mushroom"
"Inocybe praetervisa","species of fungus",//www.wikidata.org/wiki/Q3914318,"caution mushroom"
"Collybia cirrhata","species of fungus",//www.wikidata.org/wiki/Q3915438,"inedible mushroom"
"Hygrophorus camarophyllus","species of fungus",//www.wikidata.org/wiki/Q3915574,"edible mushroom"
"Cystodermella cinnabarina","species of fungus",//www.wikidata.org/wiki/Q3915588,"inedible mushroom"
"Caloscypha fulgens","species of fungus",//www.wikidata.org/wiki/Q3915690,"inedible mushroom"
"Inocybe corydalina","species of fungus",//www.wikidata.org/wiki/Q3915707,"psychoactive mushroom"
"Hygrocybe coccinea","species of fungus",//www.wikidata.org/wiki/Q39528,"edible mushroom"
"Tuber macrosporum","species of fungus",//www.wikidata.org/wiki/Q4000112,"edible mushroom"
"Volvariella surrecta","species of fungus",//www.wikidata.org/wiki/Q4016370,"inedible mushroom"
"Leucoagaricus americanus","species of fungus",//www.wikidata.org/wiki/Q4042816,"edible mushroom"
"Pholiotina smithii","species of fungus",//www.wikidata.org/wiki/Q4046862,"psychoactive mushroom"
"Leccinum quercinum","species of fungus",//www.wikidata.org/wiki/Q4169309,"edible mushroom"
"Boletus rhodopurpureus","species of fungus",//www.wikidata.org/wiki/Q41948974,"inedible mushroom"
"Hygrocybe punicea","species of fungus",//www.wikidata.org/wiki/Q42054,"edible mushroom"
"Mycetinis alliaceus","species of fungus",//www.wikidata.org/wiki/Q42184,"edible mushroom"
"Lepiota subincarnata","species of fungus",//www.wikidata.org/wiki/Q4259141,"deadly mushroom"
lichen,"composite organism that arises from algae or cyanobacteria living among filaments of multiple fungi in a symbiotic relationship",//www.wikidata.org/wiki/Q43142,unknown
"Leccinum aurantiacum","species of fungus",//www.wikidata.org/wiki/Q4329061,"edible mushroom"
"Mycena flavescens","species of fungus",//www.wikidata.org/wiki/Q4354989,"edible mushroom"
"Coprinellus impatiens","species of fungus",//www.wikidata.org/wiki/Q4355140,"inedible mushroom"
"Tricholoma argyraceum","mushroom species",//www.wikidata.org/wiki/Q4355285,"edible mushroom"
"Panaeolus fimicola","species of fungus",//www.wikidata.org/wiki/Q4405497,"psychoactive mushroom"
"Sarcoscypha dudleyi","species of fungus",//www.wikidata.org/wiki/Q4408677,"inedible mushroom"
"Amanita pantherina","species of fungus",//www.wikidata.org/wiki/Q45547,"psychoactive mushroom"
"Agaricus cupreobrunneus","species of fungus",//www.wikidata.org/wiki/Q4672758,"choice mushroom"
"Agaricus dulcidulus","small sized mushroom",//www.wikidata.org/wiki/Q4691341,"edible mushroom"
"Amanita virosa","species of fungus",//www.wikidata.org/wiki/Q472817,"deadly mushroom"
"Armillaria mellea","species of fungus",//www.wikidata.org/wiki/Q473745,"edible when cooked mushroom"
"Amanita franchetii","species of fungus",//www.wikidata.org/wiki/Q4739873,"caution mushroom"
Athelia,"Absence of the nipple",//www.wikidata.org/wiki/Q4813329,unknown
"Phallus impudicus","species of fungus",//www.wikidata.org/wiki/Q48188,"inedible mushroom"
Crucibulum,"genus of fungi",//www.wikidata.org/wiki/Q4939996,"inedible mushroom"
"Lactarius deterrimus","species of fungus",//www.wikidata.org/wiki/Q498221,"edible mushroom"
"Psilocybe semilanceata","species of fungus",//www.wikidata.org/wiki/Q503359,"psychoactive mushroom"
Matsutake,"mycorrhizal mushroom",//www.wikidata.org/wiki/Q509308,"choice mushroom"
"Collybia tuberosa","species of fungus",//www.wikidata.org/wiki/Q5147602,"inedible mushroom"
"Conocybe filaris","species of fungus",//www.wikidata.org/wiki/Q5162123,"deadly mushroom"
"Conocybe rickenii","species of fungus",//www.wikidata.org/wiki/Q5162125,"caution mushroom"
"Coprinopsis cinerea","species of fungus",//www.wikidata.org/wiki/Q5168926,"edible mushroom"
"Paxillus involutus","species of fungus",//www.wikidata.org/wiki/Q518069,"deadly mushroom"
"Cystolepiota bucknallii","species of fungus",//www.wikidata.org/wiki/Q5201276,"inedible mushroom"
"Geastrum corollinum","species of fungus",//www.wikidata.org/wiki/Q5223613,"inedible mushroom"
"Geastrum coronatum","species of fungus",//www.wikidata.org/wiki/Q5223629,"inedible mushroom"
"Dumontinia tuberosa","species of fungus",//www.wikidata.org/wiki/Q529191,"inedible mushroom"
"Russula rosea","species of fungus",//www.wikidata.org/wiki/Q531903,"edible when cooked mushroom"
"Leccinum versipelle","species of fungus",//www.wikidata.org/wiki/Q533017,"edible mushroom"
"systemic scleroderma","scleroderma that is characterized by fibrosis (or hardening) of the skin and major organs, as well as vascular alterations, and autoantibodies",//www.wikidata.org/wiki/Q5340515,unknown
"Lycoperdon perlatum","species of fungus",//www.wikidata.org/wiki/Q545130,"edible mushroom"
"Geastrum elegans","species of fungus",//www.wikidata.org/wiki/Q5529522,"inedible mushroom"
"Gymnopilus sapineus","species of fungus",//www.wikidata.org/wiki/Q5624977,"psychoactive mushroom"
"Russula betularum","species of fungus",//www.wikidata.org/wiki/Q580098,"inedible mushroom"
"Tricholoma sulphureum","species of fungus",//www.wikidata.org/wiki/Q583388,"poisonous mushroom"
"Cantharellus friesii","species of fungus",//www.wikidata.org/wiki/Q596896,"choice mushroom"
"Laccaria laccata","Common white spored mushroom also known as The Deceiver",//www.wikidata.org/wiki/Q597340,"edible mushroom"
"Inocybe cookei","species of fungus",//www.wikidata.org/wiki/Q6036493,"poisonous mushroom"
"Leccinum vulpinum","species of fungus",//www.wikidata.org/wiki/Q610344,"edible mushroom"
"Cortinarius praestans","species of fungus",//www.wikidata.org/wiki/Q613450,"edible mushroom"
"Russula emetica","species of fungus",//www.wikidata.org/wiki/Q614625,"poisonous mushroom"
"Strobilomyces strobilaceus","species of fungus",//www.wikidata.org/wiki/Q614730,"edible mushroom"
"Russula paludosa","species of fungus",//www.wikidata.org/wiki/Q618295,"edible mushroom"
"Discina ancilis","species of fungus",//www.wikidata.org/wiki/Q61944831,"caution mushroom"
"Lactarius deliciosus","species of fungus",//www.wikidata.org/wiki/Q62138,"choice mushroom"
"Amanita rubescens","species of fungus",//www.wikidata.org/wiki/Q623485,"edible when cooked mushroom"
"Morchella elata","species of fungus",//www.wikidata.org/wiki/Q627991,"edible mushroom"
"Leccinum scabrum","species of fungus",//www.wikidata.org/wiki/Q628977,"edible mushroom"
"Armillaria gallica","species of fungus",//www.wikidata.org/wiki/Q630885,"edible when cooked mushroom"
"Fistulina hepatica","species of fungus",//www.wikidata.org/wiki/Q631566,"edible mushroom"
"Tylopilus felleus","species of fungus",//www.wikidata.org/wiki/Q633503,"inedible mushroom"
"Ramaria stricta","species of fungus",//www.wikidata.org/wiki/Q633746,"poisonous mushroom"
"Caloboletus radicans","species of fungus",//www.wikidata.org/wiki/Q64785775,"inedible mushroom"
"Lactarius glyciosmus","species of fungus",//www.wikidata.org/wiki/Q650468,"edible mushroom"
"Leucocoprinus brebissonii","species of fungus",//www.wikidata.org/wiki/Q6534109,"poisonous mushroom"
"Lactarius pubescens","species of fungus",//www.wikidata.org/wiki/Q653776,"edible mushroom"
"Mycenaean Greek",language,//www.wikidata.org/wiki/Q668366,unknown
"Cortinarius caperatus","species of fungus",//www.wikidata.org/wiki/Q669036,"edible mushroom"
"Chalciporus piperatus","species of fungus",//www.wikidata.org/wiki/Q674065,"inedible mushroom"
"Polyporus umbellatus","species of fungus",//www.wikidata.org/wiki/Q675252,"edible mushroom"
"Russula virescens","species of fungus",//www.wikidata.org/wiki/Q677341,"edible mushroom"
"Melanoleuca melaleuca","species of fungus",//www.wikidata.org/wiki/Q6811485,"edible mushroom"
"Psilocybe cubensis","Species of fungus belonging to the genus Psilocybe",//www.wikidata.org/wiki/Q690450,"psychoactive mushroom"
"Agaricus arvensis","species of fungus",//www.wikidata.org/wiki/Q690801,"edible mushroom"
"Mycena arcangeliana","species of fungus",//www.wikidata.org/wiki/Q6946863,"inedible mushroom"
"Mycena cinerella","species of fungus",//www.wikidata.org/wiki/Q6946875,"inedible mushroom"
"Mycena stylobates","species of fungus",//www.wikidata.org/wiki/Q6946911,"inedible mushroom"
artesonado,"highly decorative coffered ceiling in Spanish mudéjar architecture",//www.wikidata.org/wiki/Q707918,unknown
"Omphalotus illudens","species of fungus",//www.wikidata.org/wiki/Q7090729,"poisonous mushroom"
"Omphalotus japonicus","species of fungus",//www.wikidata.org/wiki/Q7090731,"poisonous mushroom"
"Omphalotus olivascens","species of fungus",//www.wikidata.org/wiki/Q7090734,"poisonous mushroom"
"Panaeolus papilionaceus var. parvisporus","variety of fungi",//www.wikidata.org/wiki/Q7129789,"edible mushroom"
"Panaeolus olivaceus","species of fungus",//www.wikidata.org/wiki/Q7129790,"psychoactive mushroom"
"Panaeolus semiovatus var. phalaenarum","variety of fungi",//www.wikidata.org/wiki/Q7129792,"edible mushroom"
"Tricholoma atrosquamosum","species of fungus",//www.wikidata.org/wiki/Q72442,"edible mushroom"
"Psathyrella ammophila","species of fungus",//www.wikidata.org/wiki/Q7254038,"inedible mushroom"
"Psilocybe fimetaria","species of fungus",//www.wikidata.org/wiki/Q7255873,"psychoactive mushroom"
"Psilocybe strictipes","species of fungus",//www.wikidata.org/wiki/Q7255936,"psychoactive mushroom"
"Coprinopsis atramentaria","species of fungus",//www.wikidata.org/wiki/Q728673,"edible mushroom"
"Ramariopsis kunzei","species of fungus",//www.wikidata.org/wiki/Q7289069,"edible mushroom"
"Calocybe gambosa","species of fungus",//www.wikidata.org/wiki/Q731944,"choice mushroom"
"sheathed woodtuft","species of fungus",//www.wikidata.org/wiki/Q732640,"edible mushroom"
"Amanita regalis","species of fungus",//www.wikidata.org/wiki/Q742673,"psychoactive mushroom"
"summer truffle","species of fungus",//www.wikidata.org/wiki/Q74692,"choice mushroom"
"Marasmius oreades","species of fungus",//www.wikidata.org/wiki/Q752492,"edible mushroom"
"Suillellus luridus","species of fungus",//www.wikidata.org/wiki/Q752494,"edible when cooked mushroom"
"Bay bolete","species of fungus",//www.wikidata.org/wiki/Q752497,"edible mushroom"
"Hypholoma fasciculare","species of fungus",//www.wikidata.org/wiki/Q752507,"poisonous mushroom"
"Trametes versicolor","type of mushroom",//www.wikidata.org/wiki/Q753833,"inedible mushroom"
"Shaggy parasol","common name for three closely related species of mushroom",//www.wikidata.org/wiki/Q757119,"choice mushroom"
"Clitocybe nebularis","species of fungus",//www.wikidata.org/wiki/Q757125,"caution mushroom"
"Boletus aereus","species of fungus",//www.wikidata.org/wiki/Q757127,"choice mushroom"
fungus,"kingdom of organisms",//www.wikidata.org/wiki/Q764,unknown
"Agaricus subrufescens","species of mushroom",//www.wikidata.org/wiki/Q764068,"choice mushroom"
"Infundibulicybe gibba","species of fungus",//www.wikidata.org/wiki/Q765631,"edible mushroom"
"Phallus hadriani","species of fungus",//www.wikidata.org/wiki/Q768006,"edible mushroom"
"Psilocybe liniformans var. americana","variety of fungi",//www.wikidata.org/wiki/Q76801,"psychoactive mushroom"
"Inocybe aeruginascens","species of fungus",//www.wikidata.org/wiki/Q76852,"psychoactive mushroom"
"Hygrophorus pustulatus","species of fungus",//www.wikidata.org/wiki/Q76922,"edible mushroom"
"Calvatia versispora","species of fungus",//www.wikidata.org/wiki/Q772098,"edible when cooked mushroom"
"Psathyrella candolleana","species of fungus",//www.wikidata.org/wiki/Q772657,"edible mushroom"
"Ganoderma applanatum","species of fungus",//www.wikidata.org/wiki/Q774576,"inedible mushroom"
"Russula fellea","species of fungus",//www.wikidata.org/wiki/Q775406,"inedible mushroom"
"Coprinopsis picacea","species of fungus",//www.wikidata.org/wiki/Q779716,"poisonous mushroom"
"Tricholoma ustaloides","species of fungus",//www.wikidata.org/wiki/Q7840814,"inedible mushroom"
"Mutinus ravenelii","species of fungus",//www.wikidata.org/wiki/Q788213,"edible mushroom"
"Pluteus cervinus","species of fungus",//www.wikidata.org/wiki/Q790598,"edible mushroom"
"Gomphidius glutinosus","species of fungus",//www.wikidata.org/wiki/Q790626,"edible mushroom"
"Russula maculata","species of fungus",//www.wikidata.org/wiki/Q80410,"inedible mushroom"
"Lactarius lignyotus","species of fungus",//www.wikidata.org/wiki/Q80740,"edible mushroom"
"Suillus luteus","its a kind of edible mushroom",//www.wikidata.org/wiki/Q816730,"edible mushroom"
"Xerocomellus pruinatus","species of fungus",//www.wikidata.org/wiki/Q818958,"edible mushroom"
"Polyporus tuberaster","species of fungus",//www.wikidata.org/wiki/Q829621,"edible mushroom"
"Craterellus sinuosus","species of fungus",//www.wikidata.org/wiki/Q829662,"edible mushroom"
"Suillus grevillei","species of fungus",//www.wikidata.org/wiki/Q833108,"edible mushroom"
"Pleurotus cornucopiae","species of fungus",//www.wikidata.org/wiki/Q834124,"edible mushroom"
"Russula delica","species of fungus",//www.wikidata.org/wiki/Q843177,"edible mushroom"
"Russula vesca","species of fungus",//www.wikidata.org/wiki/Q851539,"edible mushroom"
"Clitopilus prunulus","species of fungus",//www.wikidata.org/wiki/Q856834,"edible mushroom"
"horn of plenty","species of edible fungus",//www.wikidata.org/wiki/Q857903,"choice mushroom"
"Lactarius torminosus","species of fungus",//www.wikidata.org/wiki/Q865540,"edible mushroom"
"Psilocybe cyanescens","species of fungus",//www.wikidata.org/wiki/Q882592,"psychoactive mushroom"
"Russula sanguinaria","species of fungus",//www.wikidata.org/wiki/Q886424,"inedible mushroom"
"Omphalotus nidiformis","species of fungus",//www.wikidata.org/wiki/Q892033,"poisonous mushroom"
"Gyromitra esculenta","species of fungus",//www.wikidata.org/wiki/Q900804,"edible when cooked mushroom"
"Pleurotus eryngii","species of fungus",//www.wikidata.org/wiki/Q901105,"choice mushroom"
"Russula integra","species of fungus",//www.wikidata.org/wiki/Q901119,"edible mushroom"
"Mycena vitilis","species of fungus",//www.wikidata.org/wiki/Q9047471,"inedible mushroom"
"Amanita vaginata","species of fungus",//www.wikidata.org/wiki/Q913459,"edible when cooked mushroom"
"Clitocybe odora","species of fungus",//www.wikidata.org/wiki/Q913466,"edible mushroom"
"Armillaria solidipes","species of fungus",//www.wikidata.org/wiki/Q917989,"edible when cooked mushroom"
Cantharellus,"genus of fungi",//www.wikidata.org/wiki/Q922335,"choice mushroom"
"Coprinellus micaceus","species of fungus",//www.wikidata.org/wiki/Q933206,"edible mushroom"
"Tricholoma cingulatum","mushroom species",//www.wikidata.org/wiki/Q9347250,"edible mushroom"
"Cuphophyllus pratensis","species of fungus",//www.wikidata.org/wiki/Q934772,"edible mushroom"
"Daldinia concentrica","species of fungus",//www.wikidata.org/wiki/Q935453,"inedible mushroom"
"Amanita citrina","species of fungus",//www.wikidata.org/wiki/Q935729,"inedible mushroom"
"Sarcoscypha coccinea","species of fungus",//www.wikidata.org/wiki/Q937345,"inedible mushroom"
"Leccinellum griseum","species of fungus",//www.wikidata.org/wiki/Q937968,"edible mushroom"
"Mycetinis scorodonius","species of fungus",//www.wikidata.org/wiki/Q939086,"edible mushroom"
"Schizophyllum commune","species of fungus",//www.wikidata.org/wiki/Q941733,"inedible mushroom"
"Lethal webcaps","species of fungus",//www.wikidata.org/wiki/Q944328,"deadly mushroom"
"Cortinarius traganus","species of fungus",//www.wikidata.org/wiki/Q948871,"inedible mushroom"
Galerina,"genus of fungi",//www.wikidata.org/wiki/Q948914,"deadly mushroom"
Armillaria,"genus of fungi",//www.wikidata.org/wiki/Q952036,"edible mushroom"
scleroderma,"rheumatic disease and collagen disease that involves the abnormal growth of connective tissue, which supports the skin and internal organs",//www.wikidata.org/wiki/Q958797,unknown
"Fomitopsis betulina","species of fungus",//www.wikidata.org/wiki/Q96894257,"inedible mushroom"
"Tricholomopsis rutilans","species of fungus",//www.wikidata.org/wiki/Q977364,"inedible mushroom"
"Russula nobilis","basidiomycete mushroom of the genus Russula",//www.wikidata.org/wiki/Q978751,"inedible mushroom"
"Astraeus hygrometricus","species of fungus",//www.wikidata.org/wiki/Q980655,"inedible mushroom"
"Lycoperdon umbrinum","species of fungus",//www.wikidata.org/wiki/Q995618,"edible mushroom"
"Russula caerulea","species of fungus",//www.wikidata.org/wiki/Q999441,"edible mushroom"
